Country,Start,End
Aruba,2019,2020
Bahrain,2017,2019
Bermuda,2019,2020
Cayman Islands,2020,2021
Grenada,2017,2018
Macau,2017,2018
Mongolia,2017,2018
Namibia,2017,2019
Oman,2019,2021
Saint Lucia,2017,2019
South Korea,2017,2018
Tunisia,2017,2018